关键词,网址,百度指数,百度移动指数,360指数,百度收录
vr,baike.baidu.com,8544,6074,11827,18800000
vr眼镜,baike.baidu.com,6949,5617,2666,8110000
vr资源,www.vrzy.com,4523,3235,0,3360000
大朋vr,www.deepoon.com,4227,132,0,1160000
vr女友,ivr.baidu.com,3312,2233,0,2800000
vr视频,www.utovr.com,2397,1995,1354,5860000
vr游戏,tieba.baidu.com,1881,1867,775,7130000
vr资源你懂的,www.joyme.com,1523,858,2265,963000
vr电影,www.vrzhijia.com,1280,934,0,3880000
vr虚拟现实,www.baidu.com,1266,358,189,12900000
橙子vr,www.chengzivr.com,978,722,340,1860000
vr技术,baike.baidu.com,950,439,1196,4570000
小米vr,www.mi.com,590,325,81,3880000
小米vr眼镜,www.mi.com,566,366,0,5240000
gear vr,baike.baidu.com,500,264,204,1760000
百度vr浏览器,vr.baidu.com,490,142,0,222000
ps vr,www.ithome.com,435,147,232,8550000
vr设备,www.baidu.com,429,191,164,4750000
vr福利资源,www.joyme.com,407,294,28,1190000
vr一体机,baike.baidu.com,344,173,45,4550000
vr玩,www.ivrwan.com,335,0,0,5110000
vr眼镜看爱情动作片,www.vrzy.com,324,214,0,291000
vr直播,baike.baidu.com,321,142,57,2580000
vr网站,www.vr.cn,316,221,0,11500000
vr手机,baike.baidu.com,301,210,0,4110000
htc vr,www.htcvr.com,296,133,0,4370000
ar vr,www.sc.xinhuanet.com,288,119,0,10200000
电车之狼vr,www.golue.com,285,116,288,319000
playstation vr,baike.baidu.com,275,120,0,3210000
乐视vr,vr.letv.com,238,103,0,4320000
华为vr,www.vmall.com,233,109,0,2020000
vr加盟,www.kmway.com,230,133,0,3200000
vr头盔,it.sohu.com,217,107,0,3620000
vr战警,down.ali213.net,215,99,36,2270000
vr战士,baike.baidu.com,192,81,24,319000
vr网球,www.ali213.net,188,97,28,1200000
vr特警,baike.baidu.com,187,75,36,471000
微鲸vr,www.whaley-vr.com,181,91,0,1900000
vr下载,www.vrzhijia.com,180,96,0,5850000
vr世界,news.17173.com,179,100,0,4850000
三目vr,www.samonkey.com,169,110,0,167000
VR相机,dc.it168.com,167,76,0,5010000
vr购物,baike.baidu.com,167,88,0,2510000
vr渲染器,www.pc6.com,162,48,58,1510000
sony vr,www.ithome.com,159,69,28,3750000
vr看房,sanwen8.cn,159,66,0,949000
vr网球4,www.ali213.net,156,68,24,1140000
淘宝vr,www.baidu.com,152,76,0,3910000
乐客vr,baike.baidu.com,150,69,0,446000
岛国vr片源,bbs.18touch.com,143,66,62,278000
撩妹日记vr,pc.duowan.com,143,76,0,422000
oculus vr,www.oculus.com,142,68,34,4290000
大朋vr一体机,www.deepoon.com,141,78,0,381000
天海翼vr,www.znds.com,133,68,0,132000
vr概念股,stock.10jqka.com.cn,132,66,281,2090000
vr产品,www.baidu.com,121,55,0,3680000
vr家装,www.vrjiazhuang.com,119,47,0,8990000
vr热播,www.hotcast.cn,119,60,0,4760000
vr虚拟眼镜,www.mycaraok.com,118,72,0,6680000
vr特警3,www.newyx.net,116,58,23,469000
vr特警4,www.newyx.net,112,35,0,407000
vr特警2,www.yxdown.com,107,27,25,426000
欲望之血vr,baike.baidu.com,106,28,34,43200
4k vr,www.4k123.com,104,35,0,6520000
vr资源下载你懂的,www.joyme.com,104,67,0,177000
小米 vr,www.mi.com,102,34,0,6910000
vr资源共享吧,tieba.baidu.com,90,45,0,269000
vr样板房,www.frontop.cn,90,8,0,1970000
vr网球挑战赛,www.muzhiwan.com,87,69,0,154000
vr材质,www.3d66.com,83,8,26,3280000
vr资讯,www.vr.cn,83,19,0,4770000
上vr网,www.hiavr.com,81,0,0,6770000
vr战士5,baike.baidu.com,79,27,0,249000
电车之狼vr攻略,cheats.3234.com,79,44,0,254000
vr教程,blog.csdn.net,77,18,23,3180000
极幕vr眼镜,news.mydrivers.com,73,26,0,600000
电车之狼vr下载,www.youxile.com,71,17,35,293000
vr特警2秘籍,www.doyo.cn,70,0,0,37400
vr材质参数,wenku.baidu.com,67,0,34,767000
google earth vr,news.mydrivers.com,67,8,0,211000
vr成人片资源,www.vrzhijia.com,65,9,0,1090000
vr网球大师赛,baike.baidu.com,64,64,0,87800
vr战士2,www.doyo.cn,62,8,0,317000
vr case,www.vrcase.cn,62,36,0,3780000
vr网球3,dl.pconline.com.cn,53,0,0,1230000
vr渲染器下载,www.3d66.com,48,0,34,610000
欲望血液vr,baike.baidu.com,46,0,610,93800
vr网球2009,www.91danji.com,43,0,0,61100
儿童vr,www.vrimmer.cn,38,9,0,2630000
vr玻璃材质,jingyan.baidu.com,35,0,20,911000
vr战士4,baike.baidu.com,27,0,0,256000
vr艺术,baike.baidu.com,27,0,0,3150000
vr网球4中文版下载,down.ali213.net,26,0,0,42900
vr材质库,www.3d66.com,19,0,0,1750000
tubecao.vr.lt,zhidao.baidu.com,17,0,0,1110
魔多vr,www.moduovr.cn,17,0,0,422000
vr虚拟现实3d眼镜,zhidao.baidu.com,9,0,0,9800000
暴风vr电视,mall.baofeng.com,8,8,0,2220000
电车之狼vr怎么玩,cheats.3234.com,8,8,0,321000
电车之狼vr迅雷下载,bgfn8rty066.blog.sohu.com,8,0,,93600
